workflow,comparison,metric,family,n_paired,mean_hi,mean_lo,diff,ci_lo,ci_hi,p_raw,p_holm
Citation Set Completion,hybrid_correct-hybrid_rewired,recall@20,primary,5000,0.630,0.340,+0.2907,+0.2789,+0.3026,9.999000099990002e-05,
Citation Set Completion,graph_correct-graph_rewired,recall@20,primary,5000,0.547,0.091,+0.4568,+0.4437,+0.4695,9.999000099990002e-05,
Citation Set Completion,hybrid_correct-bm25,recall@20,secondary,5000,0.630,0.352,+0.2787,+0.2665,+0.2905,9.999000099990002e-05,
Citation Set Completion,graph_correct-bm25,recall@20,secondary,5000,0.547,0.352,+0.1959,+0.1794,+0.2122,9.999000099990002e-05,
Citation Set Completion,graph_correct-graph_random_anchor,recall@20,secondary,5000,0.547,0.023,+0.5247,+0.5123,+0.5370,9.999000099990002e-05,
Citation Set Completion,graph_correct-graph_degree_matched_anchor,recall@20,secondary,5000,0.547,0.047,+0.5004,+0.4878,+0.5131,9.999000099990002e-05,
Citation Set Completion,hybrid_correct-anchor_text_only,recall@20,secondary,5000,0.630,0.247,+0.3833,+0.3701,+0.3964,9.999000099990002e-05,
Citation Set Completion,hybrid_correct-hybrid_random_anchor,recall@20,secondary,5000,0.630,0.297,+0.3333,+0.3213,+0.3450,9.999000099990002e-05,
Citation Set Completion,hybrid_correct-hybrid_rewired,recall@10,secondary,5000,0.511,0.258,+0.2530,+0.2410,+0.2648,9.999000099990002e-05,
Citation Set Completion,hybrid_correct-hybrid_rewired,recall@5,secondary,5000,0.389,0.185,+0.2032,+0.1919,+0.2143,9.999000099990002e-05,
Citation Set Completion,hybrid_correct-hybrid_rewired,set_f1@10,secondary,5000,0.141,0.070,+0.0708,+0.0676,+0.0738,9.999000099990002e-05,
Citation Set Completion,hybrid_correct-hybrid_rewired,mrr,secondary,5000,0.375,0.167,+0.2082,+0.1985,+0.2180,9.999000099990002e-05,
Citation Set Completion,graph_correct-graph_rewired,recall@10,secondary,5000,0.451,0.056,+0.3944,+0.3821,+0.4069,9.999000099990002e-05,
Citation Set Completion,graph_correct-graph_rewired,recall@5,secondary,5000,0.350,0.031,+0.3191,+0.3071,+0.3312,9.999000099990002e-05,
Citation Set Completion,graph_correct-graph_rewired,mrr,secondary,5000,0.339,0.035,+0.3044,+0.2938,+0.3152,9.999000099990002e-05,
Citation Set Completion,graph_correct-graph_rewired,set_f1@10,secondary,5000,0.125,0.016,+0.1090,+0.1056,+0.1126,9.999000099990002e-05,
Literature Set Expansion,hybrid_correct-bm25,recall@50,confirmatory,909,0.427,0.191,+0.2353,+0.2245,+0.2460,9.999000099990002e-05,0.00019998000199980003
Literature Set Expansion,hybrid_correct-bm25,recall@20,confirmatory,909,0.288,0.129,+0.1589,+0.1499,+0.1678,9.999000099990002e-05,
Literature Set Expansion,hybrid_correct-bm25,ndcg@50,confirmatory,909,0.362,0.177,+0.1846,+0.1749,+0.1943,9.999000099990002e-05,
Literature Set Expansion,hybrid_correct-bm25,ndcg@20,confirmatory,909,0.310,0.155,+0.1550,+0.1452,+0.1649,9.999000099990002e-05,
Literature Set Expansion,hybrid_correct-bm25,map_at_50,confirmatory,909,0.169,0.067,+0.1016,+0.0948,+0.1086,9.999000099990002e-05,
Literature Set Expansion,hybrid_correct-hybrid_rewired,recall@50,confirmatory,909,0.427,0.252,+0.1750,+0.1644,+0.1858,9.999000099990002e-05,0.00019998000199980003
Literature Set Expansion,hybrid_correct-hybrid_rewired,recall@20,confirmatory,909,0.288,0.158,+0.1298,+0.1207,+0.1392,9.999000099990002e-05,
Literature Set Expansion,hybrid_correct-hybrid_rewired,ndcg@50,confirmatory,909,0.362,0.203,+0.1585,+0.1487,+0.1686,9.999000099990002e-05,
Literature Set Expansion,hybrid_correct-hybrid_rewired,ndcg@20,confirmatory,909,0.310,0.168,+0.1422,+0.1322,+0.1524,9.999000099990002e-05,
Literature Set Expansion,hybrid_correct-hybrid_rewired,map_at_50,confirmatory,909,0.169,0.073,+0.0964,+0.0892,+0.1036,9.999000099990002e-05,
Literature Set Expansion,hybrid_correct-graph_correct,recall@50,exploratory,909,0.427,0.401,+0.0259,+0.0180,+0.0337,9.999000099990002e-05,
Literature Set Expansion,hybrid_correct-graph_correct,recall@20,exploratory,909,0.288,0.283,+0.0043,-0.0037,+0.0122,0.28017198280171984,
Literature Set Expansion,hybrid_correct-graph_correct,ndcg@50,exploratory,909,0.362,0.366,-0.0046,-0.0113,+0.0024,0.19418058194180582,
Literature Set Expansion,hybrid_correct-graph_correct,ndcg@20,exploratory,909,0.310,0.327,-0.0162,-0.0239,-0.0084,9.999000099990002e-05,
Literature Set Expansion,hybrid_correct-graph_correct,map_at_50,exploratory,909,0.169,0.179,-0.0101,-0.0157,-0.0044,0.0006999300069993001,
Literature Set Expansion,graph_correct-graph_rewired,recall@50,exploratory,909,0.401,0.153,+0.2477,+0.2343,+0.2615,9.999000099990002e-05,
Literature Set Expansion,graph_correct-graph_rewired,recall@20,exploratory,909,0.283,0.096,+0.1875,+0.1764,+0.1989,9.999000099990002e-05,
Literature Set Expansion,graph_correct-graph_rewired,ndcg@50,exploratory,909,0.366,0.124,+0.2423,+0.2300,+0.2547,9.999000099990002e-05,
Literature Set Expansion,graph_correct-graph_rewired,ndcg@20,exploratory,909,0.327,0.103,+0.2236,+0.2114,+0.2360,9.999000099990002e-05,
Literature Set Expansion,graph_correct-graph_rewired,map_at_50,exploratory,909,0.179,0.038,+0.1411,+0.1323,+0.1501,9.999000099990002e-05,
Literature Set Expansion,graph_correct-bm25,recall@50,exploratory,909,0.401,0.191,+0.2093,+0.1959,+0.2226,9.999000099990002e-05,
Literature Set Expansion,graph_correct-bm25,recall@20,exploratory,909,0.283,0.129,+0.1546,+0.1427,+0.1667,9.999000099990002e-05,
Literature Set Expansion,graph_correct-bm25,ndcg@50,exploratory,909,0.366,0.177,+0.1892,+0.1760,+0.2022,9.999000099990002e-05,
Literature Set Expansion,graph_correct-bm25,ndcg@20,exploratory,909,0.327,0.155,+0.1712,+0.1576,+0.1847,9.999000099990002e-05,
Literature Set Expansion,graph_correct-bm25,map_at_50,exploratory,909,0.179,0.067,+0.1116,+0.1022,+0.1210,9.999000099990002e-05,
Literature Set Expansion,hybrid_rewired-bm25,recall@50,exploratory,909,0.252,0.191,+0.0602,+0.0519,+0.0687,9.999000099990002e-05,
Literature Set Expansion,hybrid_rewired-bm25,recall@20,exploratory,909,0.158,0.129,+0.0291,+0.0224,+0.0357,9.999000099990002e-05,
Literature Set Expansion,hybrid_rewired-bm25,ndcg@50,exploratory,909,0.203,0.177,+0.0262,+0.0188,+0.0333,9.999000099990002e-05,
Literature Set Expansion,hybrid_rewired-bm25,ndcg@20,exploratory,909,0.168,0.155,+0.0128,+0.0054,+0.0201,0.000999900009999,
Literature Set Expansion,hybrid_rewired-bm25,map_at_50,exploratory,909,0.073,0.067,+0.0052,+0.0007,+0.0095,0.018698130186981302,
Literature Set Expansion,hybrid_correct-hybrid_correct_citation_only,recall@50,exploratory,909,0.427,0.427,+0.0000,-0.0001,+0.0002,1.0,
Literature Set Expansion,hybrid_correct-hybrid_correct_citation_only,recall@20,exploratory,909,0.288,0.288,+0.0001,+0.0000,+0.0002,1.0,
Literature Set Expansion,hybrid_correct-hybrid_correct_citation_only,ndcg@50,exploratory,909,0.362,0.362,+0.0001,-0.0004,+0.0005,0.684031596840316,
Literature Set Expansion,hybrid_correct-hybrid_correct_citation_only,ndcg@20,exploratory,909,0.310,0.310,+0.0001,-0.0004,+0.0005,0.7556244375562444,
Literature Set Expansion,hybrid_correct-hybrid_correct_citation_only,map_at_50,exploratory,909,0.169,0.169,+0.0000,-0.0003,+0.0004,0.660933906609339,
