workflow,model,condition,n,evidence_faithful_rate,path_faithful_rate,mean_observation_tokens,mean_latency_ms,tool_errors,blocked_calls,malformed_actions,forced_final,action_parser_validity,truncation_events
Citation Set Completion,qwen2.5-32b-instruct,compact_hybrid_agent,0,,,,,,,,,,
Citation Set Completion,qwen2.5-32b-instruct,correct_traversal_agent,150,1.000,1.000,3083.800,10764.900,14,0,5,20,0.979,2
Citation Set Completion,qwen2.5-32b-instruct,flat_controlled_agent,0,,,,,,,,,,
Citation Set Completion,qwen2.5-32b-instruct,rewired_traversal_agent,150,1.000,1.000,3486.800,7977.800,10,0,4,24,0.978,2
Citation Set Completion,qwen2.5-7b-instruct,bm25_one_shot,150,1.000,,1630.500,0.100,,,,,,0
Citation Set Completion,qwen2.5-7b-instruct,compact_hybrid_agent,150,1.000,0.983,2907.900,6891.900,82,0,95,69,0.849,0
Citation Set Completion,qwen2.5-7b-instruct,correct_hybrid_one_shot,150,1.000,,1603.700,0.000,,,,,,0
Citation Set Completion,qwen2.5-7b-instruct,correct_traversal_agent,150,1.000,1.000,4853.200,7613.800,30,0,92,73,0.859,49
Citation Set Completion,qwen2.5-7b-instruct,flat_controlled_agent,150,1.000,,3976.700,6667.700,20,0,104,71,0.831,55
Citation Set Completion,qwen2.5-7b-instruct,matched_pool_replay::compact_hybrid_agent,150,1.000,,2907.900,6891.900,,,,,,0
Citation Set Completion,qwen2.5-7b-instruct,matched_pool_replay::correct_traversal_agent,150,1.000,,4853.200,7613.800,,,,,,0
Citation Set Completion,qwen2.5-7b-instruct,matched_pool_replay::flat_controlled_agent,150,1.000,,3976.700,6667.700,,,,,,0
Citation Set Completion,qwen2.5-7b-instruct,matched_pool_replay::rewired_traversal_agent,150,1.000,,5039.200,5740.500,,,,,,0
Citation Set Completion,qwen2.5-7b-instruct,rewired_traversal_agent,150,1.000,1.000,5039.200,5740.500,50,0,49,91,0.888,57
Citation Set Completion,qwen3-8b,bm25_one_shot,150,1.000,,1630.500,0.300,,,,,,0
Citation Set Completion,qwen3-8b,compact_hybrid_agent,150,1.000,1.000,2256.700,4848.600,9,0,2,23,0.976,17
Citation Set Completion,qwen3-8b,correct_hybrid_one_shot,150,1.000,,1603.700,0.000,,,,,,0
Citation Set Completion,qwen3-8b,correct_traversal_agent,150,1.000,1.000,1821.800,3627.800,2,0,2,4,0.990,2
Citation Set Completion,qwen3-8b,flat_controlled_agent,150,1.000,,2883.400,5359.700,7,0,3,37,0.965,23
Citation Set Completion,qwen3-8b,matched_pool_replay::compact_hybrid_agent,150,1.000,,2256.700,4848.600,,,,,,0
Citation Set Completion,qwen3-8b,matched_pool_replay::correct_traversal_agent,150,1.000,,1821.800,3627.800,,,,,,0
Citation Set Completion,qwen3-8b,matched_pool_replay::flat_controlled_agent,150,1.000,,2883.400,5359.700,,,,,,0
Citation Set Completion,qwen3-8b,matched_pool_replay::rewired_traversal_agent,150,1.000,,1856.400,1439.600,,,,,,0
Citation Set Completion,qwen3-8b,rewired_traversal_agent,150,1.000,1.000,1856.400,1439.600,3,0,2,4,0.990,1
Literature Set Expansion,qwen2.5-7b-instruct,correct_snowballing_agent,150,1.000,,3393.500,,0,0,142,78,,
Literature Set Expansion,qwen2.5-7b-instruct,rewired_snowballing_agent,150,1.000,,3599.400,,0,0,109,93,,
Literature Set Expansion,qwen3-8b,bm25_fixed_list,150,1.000,,4122.500,,,,,0.000,,
Literature Set Expansion,qwen3-8b,compact_hybrid_literature_agent,150,1.000,,5370.100,,1,0,5,82,,
Literature Set Expansion,qwen3-8b,correct_hybrid_fixed_list,150,1.000,,4028.000,,,,,0.000,,
Literature Set Expansion,qwen3-8b,correct_snowballing_agent,150,1.000,,5280.500,,0,0,7,95,,
Literature Set Expansion,qwen3-8b,flat_literature_agent,150,1.000,,5011.300,,0,0,4,38,,
Literature Set Expansion,qwen3-8b,matched_pool_replay::compact_hybrid_literature_agent,150,1.000,,5370.100,,,,,0.000,,
Literature Set Expansion,qwen3-8b,matched_pool_replay::correct_snowballing_agent,150,1.000,,5280.500,,,,,0.000,,
Literature Set Expansion,qwen3-8b,matched_pool_replay::flat_literature_agent,150,1.000,,5011.300,,,,,0.000,,
Literature Set Expansion,qwen3-8b,matched_pool_replay::rewired_snowballing_agent,150,1.000,,5323.200,,,,,0.000,,
Literature Set Expansion,qwen3-8b,rewired_snowballing_agent,150,1.000,,5323.200,,0,0,6,98,,
