workflow,model,condition,category,count,fraction
Citation Set Completion,qwen2.5-32b-instruct,correct_traversal_agent,recovered_and_faithful,73,0.487
Citation Set Completion,qwen2.5-32b-instruct,correct_traversal_agent,no_target_ever_retrieved,42,0.280
Citation Set Completion,qwen2.5-32b-instruct,correct_traversal_agent,target_observed_but_not_selected,35,0.233
Citation Set Completion,qwen2.5-32b-instruct,rewired_traversal_agent,no_target_ever_retrieved,69,0.460
Citation Set Completion,qwen2.5-32b-instruct,rewired_traversal_agent,recovered_and_faithful,55,0.367
Citation Set Completion,qwen2.5-32b-instruct,rewired_traversal_agent,target_observed_but_not_selected,25,0.167
Citation Set Completion,qwen2.5-32b-instruct,rewired_traversal_agent,invalid_answer_or_parser_failure,1,0.007
Citation Set Completion,qwen2.5-7b-instruct,bm25_one_shot,no_target_ever_retrieved,80,0.533
Citation Set Completion,qwen2.5-7b-instruct,bm25_one_shot,recovered_and_faithful,50,0.333
Citation Set Completion,qwen2.5-7b-instruct,bm25_one_shot,target_observed_but_not_selected,19,0.127
Citation Set Completion,qwen2.5-7b-instruct,bm25_one_shot,invalid_answer_or_parser_failure,1,0.007
Citation Set Completion,qwen2.5-7b-instruct,compact_hybrid_agent,recovered_and_faithful,58,0.387
Citation Set Completion,qwen2.5-7b-instruct,compact_hybrid_agent,invalid_answer_or_parser_failure,39,0.260
Citation Set Completion,qwen2.5-7b-instruct,compact_hybrid_agent,no_target_ever_retrieved,36,0.240
Citation Set Completion,qwen2.5-7b-instruct,compact_hybrid_agent,target_observed_but_not_selected,16,0.107
Citation Set Completion,qwen2.5-7b-instruct,compact_hybrid_agent,target_opened_but_not_selected,1,0.007
Citation Set Completion,qwen2.5-7b-instruct,correct_hybrid_one_shot,recovered_and_faithful,81,0.540
Citation Set Completion,qwen2.5-7b-instruct,correct_hybrid_one_shot,no_target_ever_retrieved,40,0.267
Citation Set Completion,qwen2.5-7b-instruct,correct_hybrid_one_shot,target_observed_but_not_selected,29,0.193
Citation Set Completion,qwen2.5-7b-instruct,correct_traversal_agent,recovered_and_faithful,46,0.307
Citation Set Completion,qwen2.5-7b-instruct,correct_traversal_agent,target_observed_but_not_selected,41,0.273
Citation Set Completion,qwen2.5-7b-instruct,correct_traversal_agent,no_target_ever_retrieved,36,0.240
Citation Set Completion,qwen2.5-7b-instruct,correct_traversal_agent,invalid_answer_or_parser_failure,27,0.180
Citation Set Completion,qwen2.5-7b-instruct,flat_controlled_agent,no_target_ever_retrieved,69,0.460
Citation Set Completion,qwen2.5-7b-instruct,flat_controlled_agent,invalid_answer_or_parser_failure,41,0.273
Citation Set Completion,qwen2.5-7b-instruct,flat_controlled_agent,recovered_and_faithful,29,0.193
Citation Set Completion,qwen2.5-7b-instruct,flat_controlled_agent,target_observed_but_not_selected,10,0.067
Citation Set Completion,qwen2.5-7b-instruct,flat_controlled_agent,target_opened_but_not_selected,1,0.007
Citation Set Completion,qwen2.5-7b-instruct,matched_pool_replay::compact_hybrid_agent,recovered_and_faithful,77,0.513
Citation Set Completion,qwen2.5-7b-instruct,matched_pool_replay::compact_hybrid_agent,no_target_ever_retrieved,57,0.380
Citation Set Completion,qwen2.5-7b-instruct,matched_pool_replay::compact_hybrid_agent,target_observed_but_not_selected,15,0.100
Citation Set Completion,qwen2.5-7b-instruct,matched_pool_replay::compact_hybrid_agent,invalid_answer_or_parser_failure,1,0.007
Citation Set Completion,qwen2.5-7b-instruct,matched_pool_replay::correct_traversal_agent,no_target_ever_retrieved,61,0.407
Citation Set Completion,qwen2.5-7b-instruct,matched_pool_replay::correct_traversal_agent,recovered_and_faithful,46,0.307
Citation Set Completion,qwen2.5-7b-instruct,matched_pool_replay::correct_traversal_agent,target_observed_but_not_selected,41,0.273
Citation Set Completion,qwen2.5-7b-instruct,matched_pool_replay::correct_traversal_agent,invalid_answer_or_parser_failure,2,0.013
Citation Set Completion,qwen2.5-7b-instruct,matched_pool_replay::flat_controlled_agent,no_target_ever_retrieved,91,0.607
Citation Set Completion,qwen2.5-7b-instruct,matched_pool_replay::flat_controlled_agent,recovered_and_faithful,43,0.287
Citation Set Completion,qwen2.5-7b-instruct,matched_pool_replay::flat_controlled_agent,target_observed_but_not_selected,15,0.100
Citation Set Completion,qwen2.5-7b-instruct,matched_pool_replay::flat_controlled_agent,invalid_answer_or_parser_failure,1,0.007
Citation Set Completion,qwen2.5-7b-instruct,matched_pool_replay::rewired_traversal_agent,no_target_ever_retrieved,98,0.653
Citation Set Completion,qwen2.5-7b-instruct,matched_pool_replay::rewired_traversal_agent,recovered_and_faithful,34,0.227
Citation Set Completion,qwen2.5-7b-instruct,matched_pool_replay::rewired_traversal_agent,target_observed_but_not_selected,17,0.113
Citation Set Completion,qwen2.5-7b-instruct,matched_pool_replay::rewired_traversal_agent,invalid_answer_or_parser_failure,1,0.007
Citation Set Completion,qwen2.5-7b-instruct,rewired_traversal_agent,no_target_ever_retrieved,83,0.553
Citation Set Completion,qwen2.5-7b-instruct,rewired_traversal_agent,recovered_and_faithful,31,0.207
Citation Set Completion,qwen2.5-7b-instruct,rewired_traversal_agent,target_observed_but_not_selected,25,0.167
Citation Set Completion,qwen2.5-7b-instruct,rewired_traversal_agent,invalid_answer_or_parser_failure,11,0.073
Citation Set Completion,qwen3-8b,bm25_one_shot,no_target_ever_retrieved,80,0.533
Citation Set Completion,qwen3-8b,bm25_one_shot,recovered_and_faithful,55,0.367
Citation Set Completion,qwen3-8b,bm25_one_shot,target_observed_but_not_selected,15,0.100
Citation Set Completion,qwen3-8b,compact_hybrid_agent,recovered_and_faithful,85,0.567
Citation Set Completion,qwen3-8b,compact_hybrid_agent,no_target_ever_retrieved,55,0.367
Citation Set Completion,qwen3-8b,compact_hybrid_agent,target_observed_but_not_selected,9,0.060
Citation Set Completion,qwen3-8b,compact_hybrid_agent,invalid_answer_or_parser_failure,1,0.007
Citation Set Completion,qwen3-8b,correct_hybrid_one_shot,recovered_and_faithful,85,0.567
Citation Set Completion,qwen3-8b,correct_hybrid_one_shot,no_target_ever_retrieved,39,0.260
Citation Set Completion,qwen3-8b,correct_hybrid_one_shot,target_observed_but_not_selected,25,0.167
Citation Set Completion,qwen3-8b,correct_hybrid_one_shot,invalid_answer_or_parser_failure,1,0.007
Citation Set Completion,qwen3-8b,correct_traversal_agent,recovered_and_faithful,62,0.413
Citation Set Completion,qwen3-8b,correct_traversal_agent,no_target_ever_retrieved,47,0.313
Citation Set Completion,qwen3-8b,correct_traversal_agent,target_observed_but_not_selected,40,0.267
Citation Set Completion,qwen3-8b,correct_traversal_agent,invalid_answer_or_parser_failure,1,0.007
Citation Set Completion,qwen3-8b,flat_controlled_agent,no_target_ever_retrieved,82,0.547
Citation Set Completion,qwen3-8b,flat_controlled_agent,recovered_and_faithful,51,0.340
Citation Set Completion,qwen3-8b,flat_controlled_agent,target_observed_but_not_selected,16,0.107
Citation Set Completion,qwen3-8b,flat_controlled_agent,invalid_answer_or_parser_failure,1,0.007
Citation Set Completion,qwen3-8b,matched_pool_replay::compact_hybrid_agent,recovered_and_faithful,80,0.533
Citation Set Completion,qwen3-8b,matched_pool_replay::compact_hybrid_agent,no_target_ever_retrieved,56,0.373
Citation Set Completion,qwen3-8b,matched_pool_replay::compact_hybrid_agent,target_observed_but_not_selected,13,0.087
Citation Set Completion,qwen3-8b,matched_pool_replay::compact_hybrid_agent,invalid_answer_or_parser_failure,1,0.007
Citation Set Completion,qwen3-8b,matched_pool_replay::correct_traversal_agent,recovered_and_faithful,60,0.400
Citation Set Completion,qwen3-8b,matched_pool_replay::correct_traversal_agent,no_target_ever_retrieved,54,0.360
Citation Set Completion,qwen3-8b,matched_pool_replay::correct_traversal_agent,target_observed_but_not_selected,35,0.233
Citation Set Completion,qwen3-8b,matched_pool_replay::correct_traversal_agent,invalid_answer_or_parser_failure,1,0.007
Citation Set Completion,qwen3-8b,matched_pool_replay::flat_controlled_agent,no_target_ever_retrieved,90,0.600
Citation Set Completion,qwen3-8b,matched_pool_replay::flat_controlled_agent,recovered_and_faithful,43,0.287
Citation Set Completion,qwen3-8b,matched_pool_replay::flat_controlled_agent,target_observed_but_not_selected,15,0.100
Citation Set Completion,qwen3-8b,matched_pool_replay::flat_controlled_agent,invalid_answer_or_parser_failure,2,0.013
Citation Set Completion,qwen3-8b,matched_pool_replay::rewired_traversal_agent,no_target_ever_retrieved,93,0.620
Citation Set Completion,qwen3-8b,matched_pool_replay::rewired_traversal_agent,recovered_and_faithful,42,0.280
Citation Set Completion,qwen3-8b,matched_pool_replay::rewired_traversal_agent,target_observed_but_not_selected,14,0.093
Citation Set Completion,qwen3-8b,matched_pool_replay::rewired_traversal_agent,invalid_answer_or_parser_failure,1,0.007
Citation Set Completion,qwen3-8b,rewired_traversal_agent,no_target_ever_retrieved,92,0.613
Citation Set Completion,qwen3-8b,rewired_traversal_agent,recovered_and_faithful,42,0.280
Citation Set Completion,qwen3-8b,rewired_traversal_agent,target_observed_but_not_selected,15,0.100
Citation Set Completion,qwen3-8b,rewired_traversal_agent,invalid_answer_or_parser_failure,1,0.007
Literature Set Expansion,qwen2.5-7b-instruct,correct_snowballing_agent,partially_correct,70,0.467
Literature Set Expansion,qwen2.5-7b-instruct,correct_snowballing_agent,invalid_answer_parser_failure,68,0.453
Literature Set Expansion,qwen2.5-7b-instruct,correct_snowballing_agent,gold_absent_from_all_retrieved,11,0.073
Literature Set Expansion,qwen2.5-7b-instruct,correct_snowballing_agent,invalid::budget_exhausted,1,0.007
Literature Set Expansion,qwen2.5-7b-instruct,rewired_snowballing_agent,partially_correct,73,0.487
Literature Set Expansion,qwen2.5-7b-instruct,rewired_snowballing_agent,invalid_answer_parser_failure,53,0.353
Literature Set Expansion,qwen2.5-7b-instruct,rewired_snowballing_agent,gold_absent_from_all_retrieved,22,0.147
Literature Set Expansion,qwen2.5-7b-instruct,rewired_snowballing_agent,invalid::budget_exhausted,1,0.007
Literature Set Expansion,qwen2.5-7b-instruct,rewired_snowballing_agent,gold_observed_but_not_selected,1,0.007
Literature Set Expansion,qwen3-8b,bm25_fixed_list,partially_correct,122,0.813
Literature Set Expansion,qwen3-8b,bm25_fixed_list,gold_absent_from_all_retrieved,27,0.180
Literature Set Expansion,qwen3-8b,bm25_fixed_list,all_gold_recovered,1,0.007
Literature Set Expansion,qwen3-8b,compact_hybrid_literature_agent,partially_correct,140,0.933
Literature Set Expansion,qwen3-8b,compact_hybrid_literature_agent,gold_absent_from_all_retrieved,8,0.053
Literature Set Expansion,qwen3-8b,compact_hybrid_literature_agent,invalid_answer_parser_failure,2,0.013
Literature Set Expansion,qwen3-8b,correct_hybrid_fixed_list,partially_correct,145,0.967
Literature Set Expansion,qwen3-8b,correct_hybrid_fixed_list,gold_absent_from_all_retrieved,3,0.020
Literature Set Expansion,qwen3-8b,correct_hybrid_fixed_list,all_gold_recovered,2,0.013
Literature Set Expansion,qwen3-8b,correct_snowballing_agent,partially_correct,117,0.780
Literature Set Expansion,qwen3-8b,correct_snowballing_agent,gold_absent_from_all_retrieved,31,0.207
Literature Set Expansion,qwen3-8b,correct_snowballing_agent,invalid_answer_parser_failure,2,0.013
Literature Set Expansion,qwen3-8b,flat_literature_agent,partially_correct,112,0.747
Literature Set Expansion,qwen3-8b,flat_literature_agent,gold_absent_from_all_retrieved,36,0.240
Literature Set Expansion,qwen3-8b,flat_literature_agent,invalid_answer_parser_failure,2,0.013
Literature Set Expansion,qwen3-8b,rewired_snowballing_agent,partially_correct,107,0.713
Literature Set Expansion,qwen3-8b,rewired_snowballing_agent,gold_absent_from_all_retrieved,41,0.273
Literature Set Expansion,qwen3-8b,rewired_snowballing_agent,invalid_answer_parser_failure,2,0.013
Literature Set Expansion,qwen3-8b,matched_pool_replay::compact_hybrid_literature_agent,partially_correct,142,0.947
Literature Set Expansion,qwen3-8b,matched_pool_replay::compact_hybrid_literature_agent,gold_absent_from_all_retrieved,8,0.053
Literature Set Expansion,qwen3-8b,matched_pool_replay::correct_snowballing_agent,partially_correct,119,0.793
Literature Set Expansion,qwen3-8b,matched_pool_replay::correct_snowballing_agent,gold_absent_from_all_retrieved,31,0.207
Literature Set Expansion,qwen3-8b,matched_pool_replay::flat_literature_agent,partially_correct,112,0.747
Literature Set Expansion,qwen3-8b,matched_pool_replay::flat_literature_agent,gold_absent_from_all_retrieved,38,0.253
Literature Set Expansion,qwen3-8b,matched_pool_replay::rewired_snowballing_agent,partially_correct,109,0.727
Literature Set Expansion,qwen3-8b,matched_pool_replay::rewired_snowballing_agent,gold_absent_from_all_retrieved,41,0.273
