workflow,slice,arm,n,R@5,R@10,R@20,R@50,MRR,nDCG@20,nDCG@50,set_recall@20,set_F1@10,graph_only
Citation Set Completion,general (canonical),bm25,5000,0.212,0.276,0.352,,0.223,,,0.251,0.076,
Citation Set Completion,general (canonical),graph_correct,5000,0.350,0.451,0.547,,0.339,,,0.432,0.125,
Citation Set Completion,general (canonical),hybrid_correct,5000,0.389,0.511,0.630,,0.375,,,0.509,0.141,
Citation Set Completion,general (canonical),graph_rewired,5000,0.031,0.056,0.091,,0.035,,,0.058,0.016,
Citation Set Completion,general (canonical),hybrid_rewired,5000,0.185,0.258,0.340,,0.167,,,0.237,0.070,
Citation Set Completion,general (canonical),graph_random_anchor,5000,0.009,0.015,0.023,,0.009,,,0.015,0.004,
Citation Set Completion,general (canonical),hybrid_random_anchor,5000,0.161,0.228,0.297,,0.144,,,0.208,0.062,
Citation Set Completion,general (canonical),graph_degree_matched_anchor,5000,0.016,0.029,0.047,,0.017,,,0.032,0.008,
Citation Set Completion,general (canonical),anchor_text_only,5000,0.132,0.184,0.247,,0.134,,,0.174,0.050,
Literature Set Expansion,screen (canonical),bm25,909,,,0.129,0.191,,0.155,0.177,,,
Literature Set Expansion,screen (canonical),graph_correct,909,,,0.283,0.401,,0.327,0.366,,,
Literature Set Expansion,screen (canonical),graph_rewired,909,,,0.096,0.153,,0.103,0.124,,,
Literature Set Expansion,screen (canonical),hybrid_correct,909,,,0.288,0.427,,0.310,0.362,,,
Literature Set Expansion,screen (canonical),hybrid_rewired,909,,,0.158,0.252,,0.168,0.203,,,
Literature Set Expansion,screen (canonical),graph_correct_citation_only,909,,,0.283,0.401,,0.327,0.366,,,
Literature Set Expansion,screen (canonical),graph_correct_paragraph_only,909,,,0.152,0.180,,0.169,0.176,,,
Literature Set Expansion,screen (canonical),hybrid_correct_citation_only,909,,,0.288,0.427,,0.310,0.362,,,
