slice,arm,n,recall@5,recall@10,recall@20,set_recall@5,set_recall@10,set_recall@20,hit@5,hit@10,hit@20,set_f1@10,set_f1@20,r_precision,mrr,graph_only_discoveries,mean_n_returned,graph_only_discovery_rate
general,bm25,5000,0.2124166666666667,0.2761,0.35156666666666664,0.1442,0.1912,0.2514,0.3,0.3798,0.4668,0.07587532467532467,0.05356322228496142,0.12711666666666666,0.22342096024632901,0.0,50.0,0.0
general,graph_correct,5000,0.3504333333333333,0.45065,0.5475,0.2514,0.3386,0.4322,0.4662,0.5714,0.6602,0.12521508491508493,0.08408573310747225,0.19668333333333332,0.3390135940532898,0.6074,49.3,0.4738
general,hybrid_correct,5000,0.38855,0.5109833333333333,0.6302666666666666,0.2768,0.383,0.509,0.5178,0.6426,0.7438,0.14094502164502165,0.09616160361377754,0.21271666666666667,0.3752528594122312,0.5172,50.0,0.4224
general,graph_rewired,5000,0.0313,0.05623333333333332,0.09071666666666667,0.0194,0.034,0.0576,0.0492,0.089,0.1358,0.016186779886779884,0.014248268398268397,0.011466666666666665,0.034582102659713294,0.1418,48.443,0.1232
general,hybrid_rewired,5000,0.18531666666666666,0.25801666666666667,0.3396166666666667,0.1224,0.1766,0.2366,0.2736,0.3616,0.461,0.07019150849150849,0.05134856954639564,0.07076666666666666,0.16703785759817952,0.099,50.0,0.09
general,graph_random_anchor,5000,0.009183333333333333,0.015083333333333332,0.02283333333333333,0.006,0.0104,0.015,0.0136,0.0218,0.0344,0.004041125541125541,0.003408714473931866,0.0026833333333333336,0.008763059331359445,0.0314,44.0614,0.0292
general,hybrid_random_anchor,5000,0.1606,0.2275,0.297,0.1058,0.1552,0.2078,0.2374,0.3206,0.405,0.061887612387612395,0.04441012610577828,0.06268333333333333,0.1440414874458394,0.021,50.0,0.0194
general,graph_degree_matched_anchor,5000,0.01625,0.028566666666666664,0.047099999999999996,0.0114,0.0194,0.0316,0.0242,0.042,0.0686,0.007547752247752248,0.006836363636363638,0.0044666666666666665,0.01683592324458615,0.0664,49.1006,0.0612
general,anchor_text_only,5000,0.13211666666666666,0.18441666666666665,0.247,0.0896,0.1258,0.1736,0.1902,0.26,0.3372,0.04977439227439228,0.036545266327875026,0.0664,0.13400135723125026,0.2014,50.0,0.1818
graphhard,bm25,3494,0.07231444380843349,0.09797748521274566,0.13301373783629078,0.0,0.0,0.0,0.1720091585575272,0.22409845449341728,0.28820835718374355,0.04215127555139004,0.03217608880422151,0.05583381034153787,0.12935119908970466,0.0,50.0,0.0
graphhard,graph_correct,3494,0.3674871207784774,0.46999618393436365,0.5727676016027475,0.24098454493417287,0.32655981682884944,0.4244419004006869,0.5168860904407556,0.6250715512306811,0.7175157412707499,0.14044393881257075,0.09507566734552127,0.21431978630032433,0.3758468996387822,0.8692043503148255,49.805953062392675,0.6780194619347453
graphhard,hybrid_correct,3494,0.2800038160656363,0.4161181072314443,0.5544981873688227,0.14167143674871208,0.25157412707498567,0.3949627933600458,0.4450486548368632,0.5870062965082999,0.7040641099026903,0.13115757549071805,0.09587195591463778,0.13289448578515548,0.303334327866559,0.7401259301659988,50.0,0.6044647967945048
graphhard,graph_rewired,3494,0.04264453348597596,0.07603510780385424,0.12194714749093685,0.026044647967945048,0.04493417286777333,0.07584430452203778,0.067830566685747,0.12220950200343446,0.18517458500286205,0.022248691968211144,0.01952853004656096,0.015550467468040449,0.047218575591742064,0.2023468803663423,48.9536348025186,0.17572982255294792
graphhard,hybrid_rewired,3494,0.09144247281053232,0.13017553901927112,0.18314730013356229,0.02661705781339439,0.0383514596451059,0.05809959931310819,0.19004006868918144,0.25357756153405836,0.3357183743560389,0.047505585427737695,0.037253276865904725,0.05824270177447052,0.12576264330636244,0.14109902690326273,50.0,0.12821980538065256
graphhard,graph_random_anchor,3494,0.011424346498759778,0.018579469566876547,0.02852509063155886,0.007155123068116772,0.012020606754436176,0.017458500286204923,0.017458500286204923,0.028048082427017746,0.04493417286777333,0.005128147944404383,0.004420769826060884,0.003696813585193666,0.0115577107381573,0.04493417286777333,44.18918145392101,0.04178591871780195
graphhard,hybrid_random_anchor,3494,0.05855275710742224,0.08688704445716468,0.11906124785346307,0.0034344590726960505,0.007727532913566113,0.013737836290784202,0.14281625643961077,0.19576416714367487,0.25186033199771035,0.035515095475026785,0.027097675227388276,0.039543980156458686,0.08824324357961241,0.03005151688609044,50.0,0.027761877504293073
graphhard,graph_degree_matched_anchor,3494,0.0203921007441328,0.03658652928830376,0.05957832474718565,0.013451631368059531,0.02346880366342301,0.03777904979965655,0.03176874642243847,0.05580995993131082,0.08986834573554665,0.01002046036390627,0.008997382084164394,0.0063919099408509825,0.022540284521372734,0.09444762449914139,49.41614195764167,0.08700629650829994
graphhard,anchor_text_only,3494,0.09812058767410799,0.14904121350887234,0.2069977103606182,0.048654836863194044,0.0795649685174585,0.11906124785346307,0.16828849456210646,0.24127074985689753,0.31682884945621065,0.04569838671155214,0.0349300502886775,0.04960885327227628,0.11520354988823503,0.28076702919290214,50.0,0.25300515168860904
