slice,comparison,metric,family,is_primary,mean_hi,mean_lo,diff,ci_lo,ci_hi,ci_strictly_positive,p_raw,p_adj_holm,reject_0_05,n_paired,n_boot,boot_seed
general,hybrid_correct-hybrid_rewired,recall@20,primary,True,0.6302666666666666,0.3396166666666667,0.29065,0.2789,0.3026,True,9.999000099990002e-05,0.00019998000199980003,True,5000,10000,20260925
general,graph_correct-graph_rewired,recall@20,primary,False,0.5475,0.09071666666666667,0.4567833333333333,0.44366624999999993,0.4695166666666666,True,9.999000099990002e-05,0.00019998000199980003,True,5000,10000,20260925
general,hybrid_correct-bm25,recall@20,secondary,False,0.6302666666666666,0.35156666666666664,0.2787,0.26648333333333335,0.29048375,True,9.999000099990002e-05,,,5000,10000,20260925
general,graph_correct-bm25,recall@20,secondary,False,0.5475,0.35156666666666664,0.19593333333333335,0.17944958333333333,0.2122333333333333,True,9.999000099990002e-05,,,5000,10000,20260925
general,graph_correct-graph_random_anchor,recall@20,secondary,False,0.5475,0.02283333333333333,0.5246666666666667,0.5122829166666667,0.5369504166666667,True,9.999000099990002e-05,,,5000,10000,20260925
general,graph_correct-graph_degree_matched_anchor,recall@20,secondary,False,0.5475,0.047099999999999996,0.5004,0.4877991666666667,0.51305,True,9.999000099990002e-05,,,5000,10000,20260925
general,hybrid_correct-anchor_text_only,recall@20,secondary,False,0.6302666666666666,0.247,0.38326666666666664,0.37013291666666664,0.3964008333333333,True,9.999000099990002e-05,,,5000,10000,20260925
general,hybrid_correct-hybrid_random_anchor,recall@20,secondary,False,0.6302666666666666,0.297,0.3332666666666667,0.32128333333333337,0.3450333333333333,True,9.999000099990002e-05,,,5000,10000,20260925
general,hybrid_correct-hybrid_rewired,recall@10,secondary,False,0.5109833333333333,0.25801666666666667,0.2529666666666667,0.24098291666666663,0.26481666666666664,True,9.999000099990002e-05,,,5000,10000,20260925
general,hybrid_correct-hybrid_rewired,recall@5,secondary,False,0.38855,0.18531666666666666,0.20323333333333332,0.1919,0.2143341666666666,True,9.999000099990002e-05,,,5000,10000,20260925
general,hybrid_correct-hybrid_rewired,set_f1@10,secondary,False,0.14094502164502165,0.07019150849150849,0.07075351315351315,0.06763961122211122,0.07378351814851816,True,9.999000099990002e-05,,,5000,10000,20260925
general,hybrid_correct-hybrid_rewired,mrr,secondary,False,0.3752528594122312,0.16703785759817952,0.20821500181405164,0.19849196942484154,0.21796080162951065,True,9.999000099990002e-05,,,5000,10000,20260925
general,graph_correct-graph_rewired,recall@10,secondary,False,0.45065,0.05623333333333332,0.39441666666666664,0.38214875,0.40685041666666666,True,9.999000099990002e-05,,,5000,10000,20260925
general,graph_correct-graph_rewired,recall@5,secondary,False,0.3504333333333333,0.0313,0.3191333333333333,0.3071333333333333,0.33115083333333334,True,9.999000099990002e-05,,,5000,10000,20260925
general,graph_correct-graph_rewired,mrr,secondary,False,0.3390135940532898,0.034582102659713294,0.30443149139357645,0.29375451440037514,0.315167999003003,True,9.999000099990002e-05,,,5000,10000,20260925
general,graph_correct-graph_rewired,set_f1@10,secondary,False,0.12521508491508493,0.016186779886779884,0.10902830502830504,0.10556178404928407,0.11258624708624708,True,9.999000099990002e-05,,,5000,10000,20260925
graphhard,hybrid_correct-hybrid_rewired,recall@20,primary,True,0.5544981873688227,0.18314730013356229,0.37135088723526044,0.3567067353558481,0.3860188895248998,True,9.999000099990002e-05,0.00019998000199980003,True,3494,10000,20260925
graphhard,graph_correct-graph_rewired,recall@20,primary,False,0.5727676016027475,0.12194714749093685,0.45082045411181065,0.4354369395153596,0.4661801182980348,True,9.999000099990002e-05,0.00019998000199980003,True,3494,10000,20260925
graphhard,hybrid_correct-bm25,recall@20,secondary,False,0.5544981873688227,0.13301373783629078,0.4214844495325319,0.4071026521656172,0.43574699484831136,True,9.999000099990002e-05,,,3494,10000,20260925
graphhard,graph_correct-bm25,recall@20,secondary,False,0.5727676016027475,0.13301373783629078,0.4397538637664568,0.42370253768364813,0.45570978820835717,True,9.999000099990002e-05,,,3494,10000,20260925
graphhard,graph_correct-graph_random_anchor,recall@20,secondary,False,0.5727676016027475,0.02852509063155886,0.5442425109711887,0.5299072219042168,0.5588866628506011,True,9.999000099990002e-05,,,3494,10000,20260925
graphhard,graph_correct-graph_degree_matched_anchor,recall@20,secondary,False,0.5727676016027475,0.05957832474718565,0.5131892768555619,0.49842587292501433,0.5280248282770462,True,9.999000099990002e-05,,,3494,10000,20260925
graphhard,hybrid_correct-anchor_text_only,recall@20,secondary,False,0.5544981873688227,0.2069977103606182,0.3475004770082046,0.3327126264071742,0.3625739362717039,True,9.999000099990002e-05,,,3494,10000,20260925
graphhard,hybrid_correct-hybrid_random_anchor,recall@20,secondary,False,0.5544981873688227,0.11906124785346307,0.4354369395153596,0.42141289830185075,0.4498193331425301,True,9.999000099990002e-05,,,3494,10000,20260925
graphhard,hybrid_correct-hybrid_rewired,recall@10,secondary,False,0.4161181072314443,0.13017553901927112,0.2859425682121733,0.27177482827704635,0.29991890860522796,True,9.999000099990002e-05,,,3494,10000,20260925
graphhard,hybrid_correct-hybrid_rewired,recall@5,secondary,False,0.2800038160656363,0.09144247281053232,0.18856134325510396,0.17632548654836866,0.20082105037206638,True,9.999000099990002e-05,,,3494,10000,20260925
graphhard,hybrid_correct-hybrid_rewired,set_f1@10,secondary,False,0.13115757549071805,0.047505585427737695,0.08365199006298034,0.07975506295841156,0.08759138447890595,True,9.999000099990002e-05,,,3494,10000,20260925
graphhard,hybrid_correct-hybrid_rewired,mrr,secondary,False,0.303334327866559,0.12576264330636244,0.17757168456019656,0.1666516936733588,0.1884786254193579,True,9.999000099990002e-05,,,3494,10000,20260925
graphhard,graph_correct-graph_rewired,recall@10,secondary,False,0.46999618393436365,0.07603510780385424,0.39396107613050946,0.37931692425109714,0.4086052280099217,True,9.999000099990002e-05,,,3494,10000,20260925
graphhard,graph_correct-graph_rewired,recall@5,secondary,False,0.3674871207784774,0.04264453348597596,0.32484258729250143,0.3106038923869491,0.33889226769700437,True,9.999000099990002e-05,,,3494,10000,20260925
graphhard,graph_correct-graph_rewired,mrr,secondary,False,0.3758468996387822,0.047218575591742064,0.3286283240470401,0.3154154215900575,0.3419365300272131,True,9.999000099990002e-05,,,3494,10000,20260925
graphhard,graph_correct-graph_rewired,set_f1@10,secondary,False,0.14044393881257075,0.022248691968211144,0.11819524684435961,0.11377655687186311,0.12260102399985058,True,9.999000099990002e-05,,,3494,10000,20260925
