model,condition,after_n_calls,n,top1,mrr,recall_at5,gold_observed_rate
qwen2.5-7b-instruct,compact_hybrid_controlled_agent,1,199,0.0,0.0,0.0,0.4673
qwen2.5-7b-instruct,compact_hybrid_controlled_agent,2,199,0.0653,0.0768,0.0955,0.5176
qwen2.5-7b-instruct,compact_hybrid_controlled_agent,4,122,0.0,0.0,0.0,0.4508
qwen2.5-7b-instruct,compact_hybrid_controlled_agent,8,71,0.0,0.0,0.0,0.4085
qwen2.5-7b-instruct,correct_graph_controlled_agent,1,199,0.0,0.0,0.0,0.2965
qwen2.5-7b-instruct,correct_graph_controlled_agent,2,197,0.0102,0.0102,0.0102,0.3858
qwen2.5-7b-instruct,correct_graph_controlled_agent,4,148,0.0,0.0,0.0,0.3986
qwen2.5-7b-instruct,correct_graph_controlled_agent,8,51,0.0,0.0,0.0,0.3529
qwen2.5-7b-instruct,flat_controlled_agent,1,199,0.0,0.0,0.0,0.2965
qwen2.5-7b-instruct,flat_controlled_agent,2,195,0.0103,0.0103,0.0103,0.3436
qwen2.5-7b-instruct,flat_controlled_agent,4,123,0.0,0.0,0.0,0.2846
qwen2.5-7b-instruct,flat_controlled_agent,8,60,0.0,0.0,0.0,0.2667
qwen2.5-7b-instruct,rewired_graph_controlled_agent,1,199,0.0,0.0,0.0,0.2965
qwen2.5-7b-instruct,rewired_graph_controlled_agent,2,197,0.0102,0.0102,0.0102,0.3046
qwen2.5-7b-instruct,rewired_graph_controlled_agent,4,155,0.0,0.0,0.0,0.2774
qwen2.5-7b-instruct,rewired_graph_controlled_agent,8,84,0.0,0.0,0.0,0.2738
qwen3-8b,compact_hybrid_controlled_agent,1,199,0.0,0.0,0.0,0.4271
qwen3-8b,compact_hybrid_controlled_agent,2,198,0.0,0.0,0.0,0.4798
qwen3-8b,compact_hybrid_controlled_agent,4,150,0.0,0.0,0.0,0.48
qwen3-8b,compact_hybrid_controlled_agent,8,85,0.0,0.0,0.0,0.3765
qwen3-8b,correct_graph_controlled_agent,1,200,0.0,0.0,0.0,0.28
qwen3-8b,correct_graph_controlled_agent,2,200,0.0,0.0,0.0,0.32
qwen3-8b,correct_graph_controlled_agent,4,91,0.0,0.0,0.0,0.2857
qwen3-8b,correct_graph_controlled_agent,8,16,0.0,0.0,0.0,0.25
qwen3-8b,flat_controlled_agent,1,199,0.0,0.0,0.0,0.3116
qwen3-8b,flat_controlled_agent,2,194,0.0,0.0,0.0,0.3608
qwen3-8b,flat_controlled_agent,4,132,0.0,0.0,0.0,0.303
qwen3-8b,flat_controlled_agent,8,76,0.0,0.0,0.0,0.2763
qwen3-8b,rewired_graph_controlled_agent,1,200,0.0,0.0,0.0,0.28
qwen3-8b,rewired_graph_controlled_agent,2,200,0.0,0.0,0.0,0.295
qwen3-8b,rewired_graph_controlled_agent,4,97,0.0,0.0,0.0,0.2577
qwen3-8b,rewired_graph_controlled_agent,8,20,0.0,0.0,0.0,0.25
