model,condition,n,gold_ever_observed,gold_opened,gold_selected,mean_observed_candidates,mean_observation_tokens,mean_calls_to_first_gold,truncation_events
qwen2.5-7b-instruct,bm25_one_shot_ctrl,200,0.34,0.0,0.22,20.0,1631.4,0.0,0
qwen2.5-7b-instruct,compact_hybrid_controlled_agent,200,0.54,0.0,0.44,16.18,2648.6,1.2685185185185186,0
qwen2.5-7b-instruct,correct_graph_controlled_agent,200,0.48,0.0,0.26,29.45,3367.7,1.7916666666666667,9
qwen2.5-7b-instruct,correct_hybrid_one_shot_ctrl,200,0.47,0.0,0.29,20.0,1594.3,0.0,0
qwen2.5-7b-instruct,flat_controlled_agent,200,0.37,0.0,0.285,17.34,2963.8,1.3513513513513513,21
qwen2.5-7b-instruct,matched_pool_replay::bm25_one_shot_ctrl,200,0.34,0.0,0.22,20.0,1631.4,0.0,0
qwen2.5-7b-instruct,matched_pool_replay::compact_hybrid_controlled_agent,200,0.54,0.0,0.39,16.18,2648.6,1.2685185185185186,0
qwen2.5-7b-instruct,matched_pool_replay::correct_graph_controlled_agent,200,0.48,0.0,0.275,29.45,3367.7,1.7916666666666667,9
qwen2.5-7b-instruct,matched_pool_replay::correct_hybrid_one_shot_ctrl,200,0.47,0.0,0.29,20.0,1594.3,0.0,0
qwen2.5-7b-instruct,matched_pool_replay::flat_controlled_agent,200,0.37,0.0,0.265,17.34,2963.8,1.3513513513513513,21
qwen2.5-7b-instruct,matched_pool_replay::rewired_graph_controlled_agent,200,0.355,0.0,0.265,33.04,3622.0,1.6056338028169015,19
qwen2.5-7b-instruct,rewired_graph_controlled_agent,200,0.355,0.0,0.235,33.04,3622.0,1.6056338028169015,19
qwen3-8b,bm25_one_shot_ctrl,200,0.34,0.0,0.23,20.0,1631.4,0.0,0
qwen3-8b,compact_hybrid_controlled_agent,200,0.515,0.0,0.41,16.8,3966.0,1.2718446601941749,84
qwen3-8b,correct_graph_controlled_agent,200,0.425,0.0,0.3,22.7,2361.5,1.7529411764705882,3
qwen3-8b,correct_hybrid_one_shot_ctrl,200,0.47,0.0,0.32,20.0,1594.3,0.0,0
qwen3-8b,flat_controlled_agent,200,0.39,0.0,0.31,18.3,3569.8,1.3205128205128205,70
qwen3-8b,matched_pool_replay::bm25_one_shot_ctrl,200,0.34,0.0,0.23,20.0,1631.4,0.0,0
qwen3-8b,matched_pool_replay::compact_hybrid_controlled_agent,200,0.515,0.0,0.38,16.8,3966.0,1.2718446601941749,84
qwen3-8b,matched_pool_replay::correct_graph_controlled_agent,200,0.425,0.0,0.275,22.7,2361.5,1.7529411764705882,3
qwen3-8b,matched_pool_replay::correct_hybrid_one_shot_ctrl,200,0.47,0.0,0.32,20.0,1594.3,0.0,0
qwen3-8b,matched_pool_replay::flat_controlled_agent,200,0.39,0.0,0.295,18.3,3569.8,1.3205128205128205,70
qwen3-8b,matched_pool_replay::rewired_graph_controlled_agent,200,0.345,0.0,0.25,24.0,2532.3,1.4927536231884058,6
qwen3-8b,rewired_graph_controlled_agent,200,0.345,0.0,0.28,24.0,2532.3,1.4927536231884058,6
