model,condition,n,n_with_cited_evidence,faithful,unfaithful,faithful_rate
qwen2.5-7b-instruct,bm25_one_shot_ctrl,200,0,0,0,
qwen2.5-7b-instruct,compact_hybrid_controlled_agent,200,193,193,0,1.0
qwen2.5-7b-instruct,correct_graph_controlled_agent,200,191,191,0,1.0
qwen2.5-7b-instruct,correct_hybrid_one_shot_ctrl,200,0,0,0,
qwen2.5-7b-instruct,flat_controlled_agent,200,184,184,0,1.0
qwen2.5-7b-instruct,matched_pool_replay::bm25_one_shot_ctrl,200,0,0,0,
qwen2.5-7b-instruct,matched_pool_replay::compact_hybrid_controlled_agent,200,193,193,0,1.0
qwen2.5-7b-instruct,matched_pool_replay::correct_graph_controlled_agent,200,191,191,0,1.0
qwen2.5-7b-instruct,matched_pool_replay::correct_hybrid_one_shot_ctrl,200,0,0,0,
qwen2.5-7b-instruct,matched_pool_replay::flat_controlled_agent,200,184,184,0,1.0
qwen2.5-7b-instruct,matched_pool_replay::rewired_graph_controlled_agent,200,190,190,0,1.0
qwen2.5-7b-instruct,rewired_graph_controlled_agent,200,190,190,0,1.0
qwen3-8b,bm25_one_shot_ctrl,200,0,0,0,
qwen3-8b,compact_hybrid_controlled_agent,200,198,198,0,1.0
qwen3-8b,correct_graph_controlled_agent,200,199,199,0,1.0
qwen3-8b,correct_hybrid_one_shot_ctrl,200,0,0,0,
qwen3-8b,flat_controlled_agent,200,196,196,0,1.0
qwen3-8b,matched_pool_replay::bm25_one_shot_ctrl,200,0,0,0,
qwen3-8b,matched_pool_replay::compact_hybrid_controlled_agent,200,198,198,0,1.0
qwen3-8b,matched_pool_replay::correct_graph_controlled_agent,200,199,199,0,1.0
qwen3-8b,matched_pool_replay::correct_hybrid_one_shot_ctrl,200,0,0,0,
qwen3-8b,matched_pool_replay::flat_controlled_agent,200,196,196,0,1.0
qwen3-8b,matched_pool_replay::rewired_graph_controlled_agent,200,199,199,0,1.0
qwen3-8b,rewired_graph_controlled_agent,200,199,199,0,1.0
