model,condition,n,top1,mrr,recall_at5,validity,unanswered_rate,mean_latency_ms
qwen2.5-7b-instruct,bm25_one_shot_ctrl,200,0.155,0.1787,0.22,1.0,0.0,794.6
qwen2.5-7b-instruct,compact_hybrid_controlled_agent,200,0.24,0.3103,0.44,0.965,0.035,7000.3
qwen2.5-7b-instruct,correct_graph_controlled_agent,200,0.155,0.1969,0.26,0.955,0.045,6978.8
qwen2.5-7b-instruct,correct_hybrid_one_shot_ctrl,200,0.185,0.2195,0.29,1.0,0.0,799.0
qwen2.5-7b-instruct,flat_controlled_agent,200,0.185,0.2208,0.285,0.92,0.08,6007.2
qwen2.5-7b-instruct,matched_pool_replay::bm25_one_shot_ctrl,200,0.155,0.1787,0.22,1.0,0.0,794.6
qwen2.5-7b-instruct,matched_pool_replay::compact_hybrid_controlled_agent,200,0.215,0.2831,0.39,0.995,0.005,7000.3
qwen2.5-7b-instruct,matched_pool_replay::correct_graph_controlled_agent,200,0.14,0.1878,0.275,0.995,0.005,6978.8
qwen2.5-7b-instruct,matched_pool_replay::correct_hybrid_one_shot_ctrl,200,0.185,0.2195,0.29,1.0,0.0,799.0
qwen2.5-7b-instruct,matched_pool_replay::flat_controlled_agent,200,0.15,0.1899,0.265,0.995,0.005,6007.6
qwen2.5-7b-instruct,matched_pool_replay::rewired_graph_controlled_agent,200,0.135,0.1789,0.265,0.995,0.005,5644.3
qwen2.5-7b-instruct,rewired_graph_controlled_agent,200,0.155,0.1843,0.235,0.95,0.05,5644.3
qwen3-8b,bm25_one_shot_ctrl,200,0.175,0.1927,0.23,1.0,0.0,781.2
qwen3-8b,compact_hybrid_controlled_agent,200,0.23,0.3027,0.41,0.99,0.01,10575.0
qwen3-8b,correct_graph_controlled_agent,200,0.22,0.2528,0.3,0.995,0.005,5926.8
qwen3-8b,correct_hybrid_one_shot_ctrl,200,0.205,0.2488,0.32,1.0,0.0,768.4
qwen3-8b,flat_controlled_agent,200,0.21,0.248,0.31,0.98,0.02,7029.0
qwen3-8b,matched_pool_replay::bm25_one_shot_ctrl,200,0.175,0.1927,0.23,1.0,0.0,781.2
qwen3-8b,matched_pool_replay::compact_hybrid_controlled_agent,200,0.235,0.2879,0.38,0.99,0.01,10575.0
qwen3-8b,matched_pool_replay::correct_graph_controlled_agent,200,0.18,0.2187,0.275,0.995,0.005,5926.8
qwen3-8b,matched_pool_replay::correct_hybrid_one_shot_ctrl,200,0.205,0.2488,0.32,1.0,0.0,768.4
qwen3-8b,matched_pool_replay::flat_controlled_agent,200,0.17,0.2188,0.295,0.99,0.01,7028.8
qwen3-8b,matched_pool_replay::rewired_graph_controlled_agent,200,0.17,0.2068,0.25,0.995,0.005,3949.5
qwen3-8b,rewired_graph_controlled_agent,200,0.185,0.223,0.28,0.995,0.005,3949.5
