model,higher,lower,metric,n,mean_higher,mean_lower,diff,ci_lo,ci_hi,p_raw,p_adj,family,significant
qwen2.5-7b-instruct,correct_graph_controlled_agent,rewired_graph_controlled_agent,top1,200,0.155,0.155,0.0,-0.035,0.035,1.0,1.0,preregistered,False
qwen2.5-7b-instruct,compact_hybrid_controlled_agent,correct_hybrid_one_shot_ctrl,top1,200,0.24,0.185,0.055,-0.005,0.115,0.12248775122487751,1.0,preregistered,False
qwen2.5-7b-instruct,flat_controlled_agent,matched_pool_replay::flat_controlled_agent,top1,200,0.185,0.15,0.035,-0.01,0.08,0.19768023197680232,1.0,preregistered,False
qwen2.5-7b-instruct,correct_graph_controlled_agent,matched_pool_replay::correct_graph_controlled_agent,top1,200,0.155,0.14,0.015,-0.025,0.06,0.6447355264473552,1.0,preregistered,False
qwen2.5-7b-instruct,rewired_graph_controlled_agent,matched_pool_replay::rewired_graph_controlled_agent,top1,200,0.155,0.135,0.02,-0.02,0.06,0.45155484451554845,1.0,preregistered,False
qwen2.5-7b-instruct,compact_hybrid_controlled_agent,matched_pool_replay::compact_hybrid_controlled_agent,top1,200,0.24,0.215,0.025,-0.025,0.075,0.41995800419958,1.0,preregistered,False
qwen2.5-7b-instruct,flat_controlled_agent,natural::flat_search_agent,top1,200,0.185,0.16,0.025,-0.03,0.08,0.45565443455654436,1.0,preregistered,False
qwen2.5-7b-instruct,correct_graph_controlled_agent,natural::correct_connectivity_agent,top1,200,0.155,0.175,-0.02,-0.07,0.03,0.5583441655834417,1.0,preregistered,False
qwen2.5-7b-instruct,rewired_graph_controlled_agent,natural::rewired_connectivity_agent,top1,200,0.155,0.175,-0.02,-0.07,0.03,0.5373462653734626,1.0,preregistered,False
qwen2.5-7b-instruct,compact_hybrid_controlled_agent,natural::compact_hybrid_agent,top1,200,0.24,0.17,0.07,0.01,0.13,0.0332966703329667,0.33296670332966705,preregistered,False
qwen2.5-7b-instruct,correct_graph_controlled_agent,flat_controlled_agent,top1,200,0.155,0.185,-0.03,-0.075,0.015,0.29077092290770923,0.29077092290770923,secondary_unadjusted,False
qwen2.5-7b-instruct,correct_graph_controlled_agent,flat_controlled_agent,mrr,200,0.1969,0.2208,-0.0239,-0.0643,0.0148,0.24277572242775722,0.24277572242775722,secondary_unadjusted,False
qwen2.5-7b-instruct,compact_hybrid_controlled_agent,flat_controlled_agent,top1,200,0.24,0.185,0.055,-0.005,0.115,0.0861913808619138,0.0861913808619138,secondary_unadjusted,False
qwen2.5-7b-instruct,compact_hybrid_controlled_agent,flat_controlled_agent,mrr,200,0.3103,0.2208,0.0895,0.037,0.1423,0.000999900009999,0.000999900009999,secondary_unadjusted,True
qwen2.5-7b-instruct,compact_hybrid_controlled_agent,correct_graph_controlled_agent,top1,200,0.24,0.155,0.085,0.025,0.145,0.008999100089991,0.008999100089991,secondary_unadjusted,True
qwen2.5-7b-instruct,compact_hybrid_controlled_agent,correct_graph_controlled_agent,mrr,200,0.3103,0.1969,0.1134,0.0578,0.1693,0.00029997000299970003,0.00029997000299970003,secondary_unadjusted,True
qwen2.5-7b-instruct,correct_graph_controlled_agent,bm25_one_shot_ctrl,top1,200,0.155,0.155,0.0,-0.05,0.05,1.0,1.0,secondary_unadjusted,False
qwen2.5-7b-instruct,correct_graph_controlled_agent,bm25_one_shot_ctrl,mrr,200,0.1969,0.1787,0.0182,-0.03,0.0674,0.46285371462853714,0.46285371462853714,secondary_unadjusted,False
qwen3-8b,correct_graph_controlled_agent,rewired_graph_controlled_agent,top1,200,0.22,0.185,0.035,0.01,0.065,0.0377962203779622,0.36796320367963203,preregistered,False
qwen3-8b,compact_hybrid_controlled_agent,correct_hybrid_one_shot_ctrl,top1,200,0.23,0.205,0.025,-0.04,0.085,0.5503449655034497,1.0,preregistered,False
qwen3-8b,flat_controlled_agent,matched_pool_replay::flat_controlled_agent,top1,200,0.21,0.17,0.04,0.0,0.08,0.09269073092690731,0.6488351164883512,preregistered,False
qwen3-8b,correct_graph_controlled_agent,matched_pool_replay::correct_graph_controlled_agent,top1,200,0.22,0.18,0.04,-0.005,0.085,0.11808819118088192,0.7085291470852915,preregistered,False
qwen3-8b,rewired_graph_controlled_agent,matched_pool_replay::rewired_graph_controlled_agent,top1,200,0.185,0.17,0.015,-0.02,0.05,0.5816418358164184,1.0,preregistered,False
qwen3-8b,compact_hybrid_controlled_agent,matched_pool_replay::compact_hybrid_controlled_agent,top1,200,0.23,0.235,-0.005,-0.05,0.04,1.0,1.0,preregistered,False
qwen3-8b,flat_controlled_agent,natural::flat_search_agent,top1,200,0.21,0.17,0.04,-0.01,0.09,0.18518148185181482,0.9259074092590741,preregistered,False
qwen3-8b,correct_graph_controlled_agent,natural::correct_connectivity_agent,top1,200,0.22,0.16,0.06,0.01,0.11,0.037196280371962806,0.36796320367963203,preregistered,False
qwen3-8b,rewired_graph_controlled_agent,natural::rewired_connectivity_agent,top1,200,0.185,0.16,0.025,-0.025,0.075,0.4273572642735726,1.0,preregistered,False
qwen3-8b,compact_hybrid_controlled_agent,natural::compact_hybrid_agent,top1,200,0.23,0.16,0.07,0.01,0.13,0.0367963203679632,0.36796320367963203,preregistered,False
qwen3-8b,correct_graph_controlled_agent,flat_controlled_agent,top1,200,0.22,0.21,0.01,-0.035,0.055,0.821017898210179,0.821017898210179,secondary_unadjusted,False
qwen3-8b,correct_graph_controlled_agent,flat_controlled_agent,mrr,200,0.2528,0.248,0.0048,-0.0348,0.0447,0.8147185281471853,0.8147185281471853,secondary_unadjusted,False
qwen3-8b,compact_hybrid_controlled_agent,flat_controlled_agent,top1,200,0.23,0.21,0.02,-0.035,0.075,0.6125387461253875,0.6125387461253875,secondary_unadjusted,False
qwen3-8b,compact_hybrid_controlled_agent,flat_controlled_agent,mrr,200,0.3027,0.248,0.0547,0.0059,0.1044,0.033896610338966106,0.033896610338966106,secondary_unadjusted,True
qwen3-8b,compact_hybrid_controlled_agent,correct_graph_controlled_agent,top1,200,0.23,0.22,0.01,-0.05,0.065,0.8654134586541345,0.8654134586541345,secondary_unadjusted,False
qwen3-8b,compact_hybrid_controlled_agent,correct_graph_controlled_agent,mrr,200,0.3027,0.2528,0.0499,-0.0003,0.1001,0.05649435056494351,0.05649435056494351,secondary_unadjusted,False
qwen3-8b,correct_graph_controlled_agent,bm25_one_shot_ctrl,top1,200,0.22,0.175,0.045,-0.005,0.095,0.1100889911008899,0.1100889911008899,secondary_unadjusted,False
qwen3-8b,correct_graph_controlled_agent,bm25_one_shot_ctrl,mrr,200,0.2528,0.1927,0.0601,0.0099,0.1101,0.0188981101889811,0.0188981101889811,secondary_unadjusted,True
