subset,arm,family,n_instances,recall@20,recall@50,ndcg@20,ndcg@50,map_at_50,duplicate_rate,recall_per_candidate,n_returned,n_gold_found,distinct_years,distinct_categories,category_entropy,same_category_as_source_rate,unique_gold_references_recovered,mean_graph_only_gold,leak_future_candidates_total,leak_source_in_results_total
frozen_all,bm25,primary,1200,0.120545,0.182416,0.149181,0.170364,0.063756,0.0,0.003648,50.0,2.745,6.321667,7.179167,1.752429,0.491183,2364,0.0,0,0
frozen_all,graph_correct,primary,1200,0.28339,0.399866,0.331547,0.369246,0.181125,0.0,0.007997,50.0,6.186667,9.724167,5.763333,1.656267,0.42235,1851,5.2367,0,0
frozen_all,graph_rewired,primary,1200,0.095013,0.150214,0.101749,0.12207,0.036408,0.0,0.003004,50.0,2.205,10.7825,6.504167,2.070349,0.238933,199,2.1025,0,0
frozen_all,hybrid_correct,primary,1200,0.284502,0.42077,0.311334,0.360133,0.167109,0.0,0.008415,50.0,6.379167,10.130833,6.490833,1.703601,0.473133,2678,4.0525,0,0
frozen_all,hybrid_rewired,primary,1200,0.150873,0.24172,0.163096,0.197217,0.068801,0.0,0.004834,50.0,3.534167,11.273333,7.19,2.071809,0.375667,1896,1.5025,0,0
frozen_all,graph_correct_citation_only,descriptive,1200,0.283505,0.399797,0.331612,0.369182,0.181062,0.0,0.007996,50.0,6.1825,9.721667,5.765,1.656361,0.422267,1850,0.0,0,0
frozen_all,graph_correct_paragraph_only,descriptive,1200,0.14634,0.171984,0.165194,0.170354,0.075488,0.0,0.00344,19.125833,2.433333,6.245833,3.69,1.230413,0.403683,1331,0.0,0,0
frozen_all,hybrid_correct_citation_only,descriptive,1200,0.284463,0.420751,0.311296,0.360101,0.167082,0.0,0.008415,50.0,6.378333,10.13,6.491667,1.703592,0.473117,2678,0.0,0,0
screen,bm25,primary,909,0.128756,0.191311,0.155346,0.177151,0.067401,0.0,0.003826,50.0,2.829483,6.344334,7.547855,1.872,0.441298,1902,0.0,0,0
screen,graph_correct,primary,909,0.283329,0.400638,0.326542,0.366347,0.179045,0.0,0.008013,50.0,6.069307,9.625963,5.941694,1.69811,0.386007,1549,5.0561,0,0
screen,graph_rewired,primary,909,0.095869,0.152896,0.102909,0.124032,0.037926,0.0,0.003058,50.0,2.20022,10.687569,6.508251,2.071125,0.211309,185,2.0803,0,0
screen,hybrid_correct,primary,909,0.287649,0.426563,0.310338,0.361779,0.168976,0.0,0.008531,50.0,6.322332,9.916392,6.781078,1.788528,0.429791,2193,3.9076,0,0
screen,hybrid_rewired,primary,909,0.157882,0.251551,0.168182,0.203307,0.072607,0.0,0.005031,50.0,3.60286,11.110011,7.350935,2.125893,0.339604,1532,1.4895,0,0
screen,graph_correct_citation_only,descriptive,909,0.283426,0.400547,0.326566,0.366236,0.178945,0.0,0.008011,50.0,6.063806,9.623762,5.942794,1.698093,0.385985,1547,0.0,0,0
screen,graph_correct_paragraph_only,descriptive,909,0.151839,0.179803,0.169473,0.175724,0.078647,0.0,0.003596,20.013201,2.523652,6.436744,3.911991,1.313846,0.382747,1091,0.0,0,0
screen,hybrid_correct_citation_only,descriptive,909,0.287597,0.426538,0.310277,0.361728,0.168934,0.0,0.008531,50.0,6.321232,9.915292,6.782178,1.788558,0.429791,2192,0.0,0,0
dev,bm25,primary,291,0.094893,0.15463,0.129922,0.149163,0.052369,0.0,0.003093,50.0,2.4811,6.250859,6.027491,1.378924,0.64701,636,0.0,0,0
dev,graph_correct,primary,291,0.283579,0.397456,0.347182,0.378302,0.187621,0.0,0.007949,50.0,6.553265,10.030928,5.206186,1.525562,0.535876,731,5.8007,0,0
dev,graph_rewired,primary,291,0.09234,0.141837,0.098126,0.115941,0.031666,0.0,0.002837,50.0,2.219931,11.079038,6.491409,2.067924,0.325223,89,2.1718,0,0
dev,hybrid_correct,primary,291,0.274673,0.402675,0.314448,0.354989,0.161277,0.0,0.008053,50.0,6.556701,10.800687,5.584192,1.438313,0.608522,924,4.5052,0,0
dev,hybrid_rewired,primary,291,0.128979,0.211013,0.14721,0.178195,0.056911,0.0,0.00422,50.0,3.319588,11.783505,6.687285,1.902867,0.488316,513,1.543,0,0
dev,graph_correct_citation_only,descriptive,291,0.283751,0.397456,0.347373,0.378386,0.187675,0.0,0.007949,50.0,6.553265,10.027491,5.209622,1.526002,0.535601,731,0.0,0,0
dev,graph_correct_paragraph_only,descriptive,291,0.129164,0.147559,0.151826,0.153582,0.065622,0.0,0.002951,16.353952,2.151203,5.649485,2.996564,0.969793,0.46908,412,0.0,0,0
dev,hybrid_correct_citation_only,descriptive,291,0.274673,0.402675,0.314479,0.355017,0.161297,0.0,0.008053,50.0,6.556701,10.800687,5.584192,1.438182,0.608454,924,0.0,0,0
