subset,family,hi,lo,metric,n_paired,mean_hi,mean_lo,diff,ci_lo,ci_hi,p_two_sided,ci_excludes_zero,positive_ci,n_boot,n_perm,seed,p_holm_confirmatory
frozen_all,confirmatory,hybrid_correct,bm25,recall@50,1200,0.42077,0.182416,0.238354,0.228999,0.247691,9.999000099990002e-05,True,True,10000,10000,20260925,
frozen_all,confirmatory,hybrid_correct,bm25,recall@20,1200,0.284502,0.120545,0.163958,0.156201,0.171954,9.999000099990002e-05,True,True,10000,10000,20260925,
frozen_all,confirmatory,hybrid_correct,bm25,ndcg@50,1200,0.360133,0.170364,0.189769,0.181393,0.197982,9.999000099990002e-05,True,True,10000,10000,20260925,
frozen_all,confirmatory,hybrid_correct,bm25,ndcg@20,1200,0.311334,0.149181,0.162154,0.153503,0.170686,9.999000099990002e-05,True,True,10000,10000,20260925,
frozen_all,confirmatory,hybrid_correct,bm25,map_at_50,1200,0.167109,0.063756,0.103353,0.097417,0.109179,9.999000099990002e-05,True,True,10000,10000,20260925,
frozen_all,confirmatory,hybrid_correct,hybrid_rewired,recall@50,1200,0.42077,0.24172,0.17905,0.169712,0.188208,9.999000099990002e-05,True,True,10000,10000,20260925,
frozen_all,confirmatory,hybrid_correct,hybrid_rewired,recall@20,1200,0.284502,0.150873,0.133629,0.125666,0.141798,9.999000099990002e-05,True,True,10000,10000,20260925,
frozen_all,confirmatory,hybrid_correct,hybrid_rewired,ndcg@50,1200,0.360133,0.197217,0.162916,0.154123,0.171314,9.999000099990002e-05,True,True,10000,10000,20260925,
frozen_all,confirmatory,hybrid_correct,hybrid_rewired,ndcg@20,1200,0.311334,0.163096,0.148238,0.13911,0.157064,9.999000099990002e-05,True,True,10000,10000,20260925,
frozen_all,confirmatory,hybrid_correct,hybrid_rewired,map_at_50,1200,0.167109,0.068801,0.098308,0.091973,0.104535,9.999000099990002e-05,True,True,10000,10000,20260925,
frozen_all,exploratory,hybrid_correct,graph_correct,recall@50,1200,0.42077,0.399866,0.020904,0.014101,0.027629,9.999000099990002e-05,True,True,10000,10000,20260925,
frozen_all,exploratory,hybrid_correct,graph_correct,recall@20,1200,0.284502,0.28339,0.001113,-0.005726,0.007849,0.7386261373862614,False,False,10000,10000,20260925,
frozen_all,exploratory,hybrid_correct,graph_correct,ndcg@50,1200,0.360133,0.369246,-0.009113,-0.015052,-0.002978,0.004199580041995801,True,False,10000,10000,20260925,
frozen_all,exploratory,hybrid_correct,graph_correct,ndcg@20,1200,0.311334,0.331547,-0.020213,-0.026947,-0.013435,9.999000099990002e-05,True,False,10000,10000,20260925,
frozen_all,exploratory,hybrid_correct,graph_correct,map_at_50,1200,0.167109,0.181125,-0.014016,-0.019001,-0.008995,9.999000099990002e-05,True,False,10000,10000,20260925,
frozen_all,exploratory,graph_correct,graph_rewired,recall@50,1200,0.399866,0.150214,0.249652,0.237887,0.261114,9.999000099990002e-05,True,True,10000,10000,20260925,
frozen_all,exploratory,graph_correct,graph_rewired,recall@20,1200,0.28339,0.095013,0.188377,0.178607,0.197908,9.999000099990002e-05,True,True,10000,10000,20260925,
frozen_all,exploratory,graph_correct,graph_rewired,ndcg@50,1200,0.369246,0.12207,0.247176,0.236345,0.257766,9.999000099990002e-05,True,True,10000,10000,20260925,
frozen_all,exploratory,graph_correct,graph_rewired,ndcg@20,1200,0.331547,0.101749,0.229798,0.218886,0.240469,9.999000099990002e-05,True,True,10000,10000,20260925,
frozen_all,exploratory,graph_correct,graph_rewired,map_at_50,1200,0.181125,0.036408,0.144716,0.136895,0.152533,9.999000099990002e-05,True,True,10000,10000,20260925,
frozen_all,exploratory,graph_correct,bm25,recall@50,1200,0.399866,0.182416,0.217451,0.205764,0.229154,9.999000099990002e-05,True,True,10000,10000,20260925,
frozen_all,exploratory,graph_correct,bm25,recall@20,1200,0.28339,0.120545,0.162845,0.15267,0.173486,9.999000099990002e-05,True,True,10000,10000,20260925,
frozen_all,exploratory,graph_correct,bm25,ndcg@50,1200,0.369246,0.170364,0.198882,0.187392,0.210476,9.999000099990002e-05,True,True,10000,10000,20260925,
frozen_all,exploratory,graph_correct,bm25,ndcg@20,1200,0.331547,0.149181,0.182367,0.170364,0.194424,9.999000099990002e-05,True,True,10000,10000,20260925,
frozen_all,exploratory,graph_correct,bm25,map_at_50,1200,0.181125,0.063756,0.117369,0.10921,0.125576,9.999000099990002e-05,True,True,10000,10000,20260925,
frozen_all,exploratory,hybrid_rewired,bm25,recall@50,1200,0.24172,0.182416,0.059304,0.052056,0.066549,9.999000099990002e-05,True,True,10000,10000,20260925,
frozen_all,exploratory,hybrid_rewired,bm25,recall@20,1200,0.150873,0.120545,0.030328,0.024751,0.036197,9.999000099990002e-05,True,True,10000,10000,20260925,
frozen_all,exploratory,hybrid_rewired,bm25,ndcg@50,1200,0.197217,0.170364,0.026853,0.020838,0.033075,9.999000099990002e-05,True,True,10000,10000,20260925,
frozen_all,exploratory,hybrid_rewired,bm25,ndcg@20,1200,0.163096,0.149181,0.013915,0.007719,0.020314,9.999000099990002e-05,True,True,10000,10000,20260925,
frozen_all,exploratory,hybrid_rewired,bm25,map_at_50,1200,0.068801,0.063756,0.005045,0.001561,0.008604,0.0057994200579942,True,True,10000,10000,20260925,
frozen_all,exploratory,hybrid_correct,hybrid_correct_citation_only,recall@50,1200,0.42077,0.420751,1.9e-05,-9.3e-05,0.000129,1.0,False,False,10000,10000,20260925,
frozen_all,exploratory,hybrid_correct,hybrid_correct_citation_only,recall@20,1200,0.284502,0.284463,4e-05,0.0,0.000119,1.0,False,False,10000,10000,20260925,
frozen_all,exploratory,hybrid_correct,hybrid_correct_citation_only,ndcg@50,1200,0.360133,0.360101,3.2e-05,-0.000291,0.000376,0.7324267573242675,False,False,10000,10000,20260925,
frozen_all,exploratory,hybrid_correct,hybrid_correct_citation_only,ndcg@20,1200,0.311334,0.311296,3.9e-05,-0.000286,0.000384,0.7494250574942506,False,False,10000,10000,20260925,
frozen_all,exploratory,hybrid_correct,hybrid_correct_citation_only,map_at_50,1200,0.167109,0.167082,2.7e-05,-0.000229,0.000281,0.6941305869413059,False,False,10000,10000,20260925,
screen,confirmatory,hybrid_correct,bm25,recall@50,909,0.426563,0.191311,0.235252,0.224463,0.246035,9.999000099990002e-05,True,True,10000,10000,20260925,0.00019998000199980003
screen,confirmatory,hybrid_correct,bm25,recall@20,909,0.287649,0.128756,0.158893,0.149886,0.167771,9.999000099990002e-05,True,True,10000,10000,20260925,
screen,confirmatory,hybrid_correct,bm25,ndcg@50,909,0.361779,0.177151,0.184629,0.174912,0.194303,9.999000099990002e-05,True,True,10000,10000,20260925,
screen,confirmatory,hybrid_correct,bm25,ndcg@20,909,0.310338,0.155346,0.154992,0.145237,0.164865,9.999000099990002e-05,True,True,10000,10000,20260925,
screen,confirmatory,hybrid_correct,bm25,map_at_50,909,0.168976,0.067401,0.101575,0.094797,0.10857,9.999000099990002e-05,True,True,10000,10000,20260925,
screen,confirmatory,hybrid_correct,hybrid_rewired,recall@50,909,0.426563,0.251551,0.175012,0.164373,0.185845,9.999000099990002e-05,True,True,10000,10000,20260925,0.00019998000199980003
screen,confirmatory,hybrid_correct,hybrid_rewired,recall@20,909,0.287649,0.157882,0.129767,0.120704,0.139165,9.999000099990002e-05,True,True,10000,10000,20260925,
screen,confirmatory,hybrid_correct,hybrid_rewired,ndcg@50,909,0.361779,0.203307,0.158473,0.148699,0.168645,9.999000099990002e-05,True,True,10000,10000,20260925,
screen,confirmatory,hybrid_correct,hybrid_rewired,ndcg@20,909,0.310338,0.168182,0.142156,0.132213,0.15243,9.999000099990002e-05,True,True,10000,10000,20260925,
screen,confirmatory,hybrid_correct,hybrid_rewired,map_at_50,909,0.168976,0.072607,0.096369,0.089239,0.103614,9.999000099990002e-05,True,True,10000,10000,20260925,
screen,exploratory,hybrid_correct,graph_correct,recall@50,909,0.426563,0.400638,0.025925,0.01804,0.033748,9.999000099990002e-05,True,True,10000,10000,20260925,
screen,exploratory,hybrid_correct,graph_correct,recall@20,909,0.287649,0.283329,0.00432,-0.003657,0.012157,0.28017198280171984,False,False,10000,10000,20260925,
screen,exploratory,hybrid_correct,graph_correct,ndcg@50,909,0.361779,0.366347,-0.004567,-0.011341,0.002371,0.19418058194180582,False,False,10000,10000,20260925,
screen,exploratory,hybrid_correct,graph_correct,ndcg@20,909,0.310338,0.326542,-0.016205,-0.023911,-0.008406,9.999000099990002e-05,True,False,10000,10000,20260925,
screen,exploratory,hybrid_correct,graph_correct,map_at_50,909,0.168976,0.179045,-0.010069,-0.015692,-0.004449,0.0006999300069993001,True,False,10000,10000,20260925,
screen,exploratory,graph_correct,graph_rewired,recall@50,909,0.400638,0.152896,0.247742,0.234337,0.261534,9.999000099990002e-05,True,True,10000,10000,20260925,
screen,exploratory,graph_correct,graph_rewired,recall@20,909,0.283329,0.095869,0.18746,0.176362,0.198873,9.999000099990002e-05,True,True,10000,10000,20260925,
screen,exploratory,graph_correct,graph_rewired,ndcg@50,909,0.366347,0.124032,0.242314,0.229987,0.254653,9.999000099990002e-05,True,True,10000,10000,20260925,
screen,exploratory,graph_correct,graph_rewired,ndcg@20,909,0.326542,0.102909,0.223633,0.211402,0.236014,9.999000099990002e-05,True,True,10000,10000,20260925,
screen,exploratory,graph_correct,graph_rewired,map_at_50,909,0.179045,0.037926,0.141119,0.132326,0.150136,9.999000099990002e-05,True,True,10000,10000,20260925,
screen,exploratory,graph_correct,bm25,recall@50,909,0.400638,0.191311,0.209327,0.195874,0.222569,9.999000099990002e-05,True,True,10000,10000,20260925,
screen,exploratory,graph_correct,bm25,recall@20,909,0.283329,0.128756,0.154572,0.142729,0.166671,9.999000099990002e-05,True,True,10000,10000,20260925,
screen,exploratory,graph_correct,bm25,ndcg@50,909,0.366347,0.177151,0.189196,0.176001,0.202236,9.999000099990002e-05,True,True,10000,10000,20260925,
screen,exploratory,graph_correct,bm25,ndcg@20,909,0.326542,0.155346,0.171196,0.157575,0.184732,9.999000099990002e-05,True,True,10000,10000,20260925,
screen,exploratory,graph_correct,bm25,map_at_50,909,0.179045,0.067401,0.111644,0.102188,0.121027,9.999000099990002e-05,True,True,10000,10000,20260925,
screen,exploratory,hybrid_rewired,bm25,recall@50,909,0.251551,0.191311,0.06024,0.051902,0.068694,9.999000099990002e-05,True,True,10000,10000,20260925,
screen,exploratory,hybrid_rewired,bm25,recall@20,909,0.157882,0.128756,0.029125,0.022378,0.035741,9.999000099990002e-05,True,True,10000,10000,20260925,
screen,exploratory,hybrid_rewired,bm25,ndcg@50,909,0.203307,0.177151,0.026156,0.018772,0.033309,9.999000099990002e-05,True,True,10000,10000,20260925,
screen,exploratory,hybrid_rewired,bm25,ndcg@20,909,0.168182,0.155346,0.012836,0.005363,0.020131,0.000999900009999,True,True,10000,10000,20260925,
screen,exploratory,hybrid_rewired,bm25,map_at_50,909,0.072607,0.067401,0.005206,0.000719,0.009476,0.018698130186981302,True,True,10000,10000,20260925,
screen,exploratory,hybrid_correct,hybrid_correct_citation_only,recall@50,909,0.426563,0.426538,2.5e-05,-0.000123,0.000176,1.0,False,False,10000,10000,20260925,
screen,exploratory,hybrid_correct,hybrid_correct_citation_only,recall@20,909,0.287649,0.287597,5.2e-05,0.0,0.000157,1.0,False,False,10000,10000,20260925,
screen,exploratory,hybrid_correct,hybrid_correct_citation_only,ndcg@50,909,0.361779,0.361728,5.1e-05,-0.000372,0.000526,0.684031596840316,False,False,10000,10000,20260925,
screen,exploratory,hybrid_correct,hybrid_correct_citation_only,ndcg@20,909,0.310338,0.310277,6.1e-05,-0.000357,0.000539,0.7556244375562444,False,False,10000,10000,20260925,
screen,exploratory,hybrid_correct,hybrid_correct_citation_only,map_at_50,909,0.168976,0.168934,4.2e-05,-0.00029,0.000391,0.660933906609339,False,False,10000,10000,20260925,
dev,confirmatory,hybrid_correct,bm25,recall@50,291,0.402675,0.15463,0.248045,0.228762,0.26787,9.999000099990002e-05,True,True,10000,10000,20260925,
dev,confirmatory,hybrid_correct,bm25,recall@20,291,0.274673,0.094893,0.17978,0.164051,0.196794,9.999000099990002e-05,True,True,10000,10000,20260925,
dev,confirmatory,hybrid_correct,bm25,ndcg@50,291,0.354989,0.149163,0.205826,0.188694,0.223122,9.999000099990002e-05,True,True,10000,10000,20260925,
dev,confirmatory,hybrid_correct,bm25,ndcg@20,291,0.314448,0.129922,0.184526,0.167035,0.202556,9.999000099990002e-05,True,True,10000,10000,20260925,
dev,confirmatory,hybrid_correct,bm25,map_at_50,291,0.161277,0.052369,0.108908,0.09748,0.120716,9.999000099990002e-05,True,True,10000,10000,20260925,
dev,confirmatory,hybrid_correct,hybrid_rewired,recall@50,291,0.402675,0.211013,0.191662,0.174639,0.209189,9.999000099990002e-05,True,True,10000,10000,20260925,
dev,confirmatory,hybrid_correct,hybrid_rewired,recall@20,291,0.274673,0.128979,0.145694,0.129923,0.161878,9.999000099990002e-05,True,True,10000,10000,20260925,
dev,confirmatory,hybrid_correct,hybrid_rewired,ndcg@50,291,0.354989,0.178195,0.176794,0.159806,0.193619,9.999000099990002e-05,True,True,10000,10000,20260925,
dev,confirmatory,hybrid_correct,hybrid_rewired,ndcg@20,291,0.314448,0.14721,0.167238,0.149319,0.184989,9.999000099990002e-05,True,True,10000,10000,20260925,
dev,confirmatory,hybrid_correct,hybrid_rewired,map_at_50,291,0.161277,0.056911,0.104366,0.092145,0.11688,9.999000099990002e-05,True,True,10000,10000,20260925,
dev,exploratory,hybrid_correct,graph_correct,recall@50,291,0.402675,0.397456,0.005219,-0.008255,0.018718,0.45535446455354467,False,False,10000,10000,20260925,
dev,exploratory,hybrid_correct,graph_correct,recall@20,291,0.274673,0.283579,-0.008906,-0.022003,0.004324,0.18918108189181082,False,False,10000,10000,20260925,
dev,exploratory,hybrid_correct,graph_correct,ndcg@50,291,0.354989,0.378302,-0.023313,-0.035861,-0.010643,0.0006999300069993001,True,False,10000,10000,20260925,
dev,exploratory,hybrid_correct,graph_correct,ndcg@20,291,0.314448,0.347182,-0.032734,-0.046301,-0.018899,9.999000099990002e-05,True,False,10000,10000,20260925,
dev,exploratory,hybrid_correct,graph_correct,map_at_50,291,0.161277,0.187621,-0.026344,-0.036775,-0.016039,9.999000099990002e-05,True,False,10000,10000,20260925,
dev,exploratory,graph_correct,graph_rewired,recall@50,291,0.397456,0.141837,0.255619,0.233287,0.278404,9.999000099990002e-05,True,True,10000,10000,20260925,
dev,exploratory,graph_correct,graph_rewired,recall@20,291,0.283579,0.09234,0.191239,0.173178,0.210015,9.999000099990002e-05,True,True,10000,10000,20260925,
dev,exploratory,graph_correct,graph_rewired,ndcg@50,291,0.378302,0.115941,0.262361,0.241345,0.283367,9.999000099990002e-05,True,True,10000,10000,20260925,
dev,exploratory,graph_correct,graph_rewired,ndcg@20,291,0.347182,0.098126,0.249056,0.227774,0.269944,9.999000099990002e-05,True,True,10000,10000,20260925,
dev,exploratory,graph_correct,graph_rewired,map_at_50,291,0.187621,0.031666,0.155955,0.140365,0.171998,9.999000099990002e-05,True,True,10000,10000,20260925,
dev,exploratory,graph_correct,bm25,recall@50,291,0.397456,0.15463,0.242826,0.217764,0.268102,9.999000099990002e-05,True,True,10000,10000,20260925,
dev,exploratory,graph_correct,bm25,recall@20,291,0.283579,0.094893,0.188686,0.167376,0.210082,9.999000099990002e-05,True,True,10000,10000,20260925,
dev,exploratory,graph_correct,bm25,ndcg@50,291,0.378302,0.149163,0.229139,0.2048,0.253253,9.999000099990002e-05,True,True,10000,10000,20260925,
dev,exploratory,graph_correct,bm25,ndcg@20,291,0.347182,0.129922,0.217259,0.192743,0.242027,9.999000099990002e-05,True,True,10000,10000,20260925,
dev,exploratory,graph_correct,bm25,map_at_50,291,0.187621,0.052369,0.135252,0.118656,0.152749,9.999000099990002e-05,True,True,10000,10000,20260925,
dev,exploratory,hybrid_rewired,bm25,recall@50,291,0.211013,0.15463,0.056383,0.042885,0.070211,9.999000099990002e-05,True,True,10000,10000,20260925,
dev,exploratory,hybrid_rewired,bm25,recall@20,291,0.128979,0.094893,0.034086,0.023743,0.04442,9.999000099990002e-05,True,True,10000,10000,20260925,
dev,exploratory,hybrid_rewired,bm25,ndcg@50,291,0.178195,0.149163,0.029032,0.017488,0.040978,9.999000099990002e-05,True,True,10000,10000,20260925,
dev,exploratory,hybrid_rewired,bm25,ndcg@20,291,0.14721,0.129922,0.017288,0.00585,0.028964,0.0026997300269973002,True,True,10000,10000,20260925,
dev,exploratory,hybrid_rewired,bm25,map_at_50,291,0.056911,0.052369,0.004542,-0.001204,0.010477,0.12488751124887511,False,False,10000,10000,20260925,
dev,exploratory,hybrid_correct,hybrid_correct_citation_only,recall@50,291,0.402675,0.402675,0.0,0.0,0.0,1.0,False,False,10000,10000,20260925,
dev,exploratory,hybrid_correct,hybrid_correct_citation_only,recall@20,291,0.274673,0.274673,0.0,0.0,0.0,1.0,False,False,10000,10000,20260925,
dev,exploratory,hybrid_correct,hybrid_correct_citation_only,ndcg@50,291,0.354989,0.355017,-2.7e-05,-7.6e-05,9e-06,0.37906209379062095,False,False,10000,10000,20260925,
dev,exploratory,hybrid_correct,hybrid_correct_citation_only,ndcg@20,291,0.314448,0.314479,-3.1e-05,-7.9e-05,0.0,0.5014498550144986,False,False,10000,10000,20260925,
dev,exploratory,hybrid_correct,hybrid_correct_citation_only,map_at_50,291,0.161277,0.161297,-2e-05,-6.1e-05,1.2e-05,0.37906209379062095,False,False,10000,10000,20260925,
